"rep","time","acc","ari","obj","iter"
1,3.47466206550598,0.62,0.0532152925306344,6750.78496155617,1000
2,2.7579460144043,0.675,0.118104259371207,6913.51433713555,1000
3,2.85711097717285,0.525,-0.00222152098453772,6896.47783012572,1000
4,2.77800416946411,0.685,0.132639472787183,6977.84505790248,1000
5,2.8533079624176,0.515,-0.00413328114544014,7090.81167417509,1000
6,2.61791014671326,0.775,0.299005949756601,6920.96098078128,1000
7,2.83395385742188,0.73,0.207632588498391,6802.48643535071,1000
8,2.7813549041748,0.625,0.0578227290150451,6974.67945917438,1000
9,2.7177631855011,0.775,0.298980459179731,6812.38105210572,1000
10,2.73997688293457,0.525,-0.00249686755238805,6889.34252646752,1000
11,2.92188501358032,0.76,0.266738852885563,6776.96557633796,1000
12,3.5819730758667,0.62,0.0532707355242567,6938.44837902472,1000
13,4.00190210342407,0.635,0.0682557935761213,6848.62497868588,1000
14,4.01410794258118,0.63,0.0628984816284313,6862.56216131405,1000
15,3.74909210205078,0.73,0.207643793331933,6775.45007076904,1000
16,4.20614719390869,0.695,0.147890407333919,7038.09080871023,1000
17,3.7876570224762,0.76,0.266752184233119,7086.37311642334,1000
18,3.74727702140808,0.715,0.180793676847515,7072.45522544908,1000
19,3.92597889900208,0.655,0.0916123825794667,6917.8073079761,1000
20,4.27329921722412,0.56,0.00942422338540731,7100.71670156777,1000
21,4.49538516998291,0.665,0.1044361316532,6704.89881505611,1000
22,3.64908790588379,0.625,0.0578227290150451,6922.1994418392,1000
23,4.09782195091248,0.715,0.180816845371477,6884.52523261266,1000
24,4.35087299346924,0.72,0.189690971520905,6835.08026643812,1000
25,3.75795602798462,0.74,0.226569380812709,7244.12817175597,1000
26,3.59034419059753,0.55,0.00503216057662778,7323.35025090913,1000
27,3.96263408660889,0.645,0.0794858650774611,7140.52123614639,1000
28,3.82897186279297,0.58,0.020710441682693,6710.15798570436,1000
29,4.03262090682983,0.69,0.140078787878788,7021.98556124874,1000
30,4.44234013557434,0.8,0.356779371688192,7020.70205814378,1000
31,3.75821995735168,0.665,0.104729117410812,6941.8479532485,1000
32,3.49942398071289,0.745,0.236348899746241,6638.75135782242,1000
33,3.0388720035553,0.66,0.097932271592369,7013.49896902137,1000
34,2.85323286056519,0.57,0.0147758673626036,6848.84484298479,1000
35,2.98748707771301,0.77,0.288027975531511,6837.53448966384,1000
36,3.26374387741089,0.52,-0.00343431568229752,6983.24285452218,1000
37,4.25897407531738,0.5,-0.0050322317372007,7029.79881555769,1000
38,3.47957420349121,0.52,-0.00343431568229752,6908.84431615437,1000
39,4.16397309303284,0.665,0.104403565842378,6862.98509388148,1000
40,3.99113202095032,0.575,0.0176231654530203,6973.43110607353,1000
41,3.86882209777832,0.765,0.277268546834067,7141.54825256117,1000
42,3.87006688117981,0.67,0.111162063448454,6947.36565848504,1000
43,4.03207015991211,0.745,0.236262506938128,6884.68541207408,1000
44,4.58070492744446,0.745,0.236265592732154,6968.00753401108,1000
45,5.05885195732117,0.735,0.216997183448556,6732.18049249012,1000
46,4.34817504882812,0.52,-0.0033917478915207,6711.87026244427,1000
47,3.78075695037842,0.605,0.0393813834286508,6710.38782843057,1000
48,3.87321281433105,0.665,0.104530197360082,6964.61756618313,1000
49,3.84805488586426,0.82,0.406622976784026,7116.45914090253,1000
50,4.06077194213867,0.72,0.189528910042606,6801.50881948674,1000
51,4.4281599521637,0.685,0.132576394602039,6994.08601492776,1000
52,3.78749203681946,0.555,0.00729159986487315,7148.17373939946,1000
53,4.36095190048218,0.74,0.22652719445505,7000.38265411165,1000
54,4.86212587356567,0.695,0.147852537345694,6714.48437857284,1000
55,6.06637597084045,0.725,0.198472627034027,7062.0254949446,1000
56,4.01682782173157,0.705,0.163993485588759,6814.37952916883,1000
57,3.87569999694824,0.595,0.0312557921546385,6841.77450272376,1000
58,4.16011714935303,0.595,0.0314084149304092,7169.37054337022,1000
59,3.87392807006836,0.565,0.0119353475074002,7058.44371415479,1000
60,3.86095690727234,0.685,0.13254134720134,7071.63700141527,1000
61,3.85969185829163,0.72,0.189528910042606,7147.80417096961,1000
62,5.66731381416321,0.59,0.0275838524874958,6841.57050139368,1000
63,6.50500297546387,0.525,-0.00242396697344997,6641.59668761854,1000
64,4.154865026474,0.58,0.0208053908181568,6938.31467730008,1000
65,4.06111001968384,0.72,0.189527272727273,7068.76249007452,1000
66,4.42068004608154,0.68,0.125267657301691,6886.34833905333,1000
67,4.76983880996704,0.56,0.00976030405780652,7191.59696551472,1000
68,4.64171600341797,0.55,0.00509848520045493,6804.93093794484,1000
69,5.14164519309998,0.605,0.0392727074380265,6905.22185862731,1000
70,7.2616970539093,0.565,0.0119752676784434,6947.81566691674,1000
71,4.63859581947327,0.7,0.155772925340751,6900.01760786454,1000
72,4.32620406150818,0.71,0.172240404040404,7004.04498281203,1000
73,4.59603095054626,0.725,0.198492057519789,7008.27543930125,1000
74,4.73962306976318,0.505,-0.00486423128530948,6746.06251402452,1000
75,4.58118796348572,0.51,-0.0045977475885057,6991.87549638271,1000
76,5.24650692939758,0.54,0.00138181818181825,7215.71334796527,1000
77,4.65530109405518,0.54,0.00148066151027477,6776.33891433035,1000
78,5.0474579334259,0.645,0.0794784266132124,6953.22216620417,1000
79,8.47008180618286,0.535,0.000141376369646764,6995.94402598141,1000
80,4.9321448802948,0.665,0.104454222746994,6815.81294967143,1000
81,4.62811779975891,0.715,0.180787057028529,6984.36903196372,1000
82,5.33354806900024,0.66,0.0978739565740883,6907.7361443438,1000
83,5.47489190101624,0.785,0.321493488160912,6830.44165014317,1000
84,5.35940504074097,0.715,0.180793676847515,7042.5225976843,1000
85,5.07084083557129,0.695,0.147890407333919,6911.94736797091,1000
86,5.89920520782471,0.725,0.198472627034027,6736.50692299636,1000
87,9.26611590385437,0.635,0.0682407354565467,7129.59796864629,1000
88,4.73109698295593,0.63,0.0630801858210463,7311.05731803464,1000
89,5.37957620620728,0.59,0.0275445642161061,7150.26038270493,1000
90,4.7594530582428,0.655,0.0916380714312768,6857.82149968594,1000
91,5.07583904266357,0.645,0.0797201151813481,7064.06152439334,1000
92,4.97941207885742,0.75,0.246212121212121,6985.3029374301,1000
93,5.01139402389526,0.605,0.0394124291959407,6484.8423132794,1000
94,5.15556812286377,0.6,0.0351593118439447,6575.50604398851,1000
95,4.80483889579773,0.66,0.0978666666666667,6837.4804895822,1000
96,4.86830306053162,0.695,0.148086588829284,6762.21467124879,1000
97,3.57412910461426,0.74,0.226552194333619,7093.03790654872,1000
98,3.70096898078918,0.615,0.0481979063403174,6938.6142002939,1000
99,3.70073080062866,0.515,-0.00414139531688995,7137.52124055624,1000
100,3.60107111930847,0.675,0.118090006863466,6706.93015248339,1000
